46012,3
46032,Not review
46364,"False positive, rap"
46562,2
47050,3
47144,not review
47223,4
47400,4
48394,4
48453,4
48701,5
49131,5
49482,4
68370,Not review
68109,Not review
67743,Not review
67531,Not review
67446,Not review
67225,Not review
67078,Not review
66884,4
66014,3
65679,Not review
65487,1
64713,2
64550,4
49597,Not review
49710,4
50447,Film reviews
50971,4
51150,4
51189,2
51545,2
51605,Book review
51627,4
52035,Film reviews
52205,4
52792,Film reviews
52880,3
53165,Book review
53188,Play review
53562,4
53603,5
54414,Not review
55189,3
55274,Not review
55293,4
55990,Not review
56114,Not review
56249,Not review
57080,Not review
57391,Not review
57486,4
57531,Film reviews
57689,Not review
57834,5
58401,Play review
58505,2
58612,2
58668,5
58806,5
60039,Play review
60160,5
60248,Not review
60817,5
60896,5
61342,Book review
61514,5
